City,Lat,Lng,Max Temp,Humidity,Cloudiness,Wind Speed,Country,Date
punta arenas,8.9897,125.34,74.08,95,100,1.03,PH,1612746927
busselton,-33.65,115.3333,66.99,99,94,1.99,AU,1612746927
vaini,-21.2,-175.2,77.0,100,90,12.66,TO,1612746927
kodiak,57.79,-152.4072,35.6,55,1,3.44,US,1612746927
saint-philippe,-21.3585,55.7679,80.6,61,90,6.91,RE,1612746928
hobart,-42.8794,147.3294,64.4,52,75,11.5,AU,1612746896
wewak,-3.5534,143.6268,84.6,66,81,1.66,PG,1612746416
bluff,-46.6,168.3333,63.75,62,100,7.05,NZ,1612746896
albany,42.6001,-73.9662,26.01,60,79,1.99,US,1612746895
cape town,-36.413,-71.9028,64.4,77,0,8.05,CL,1612746929
awjilah,29.1081,21.2869,67.59,25,100,17.45,LY,1612746596
dikson,73.5069,80.5464,-32.58,85,90,15.14,RU,1612746896
port moresby,-7.0349,29.7638,72.95,77,100,8.25,CD,1612746929
saskylakh,71.9167,114.0833,-36.69,79,44,12.21,RU,1612746930
aklavik,68.2191,-135.0107,-23.8,76,100,10.36,CA,1612746930
cabedelo,-6.9811,-34.8339,80.6,83,0,6.91,BR,1612746930
kempsey,-31.0833,152.8333,78.01,88,75,10.36,AU,1612746930
santiago del estero,-33.4569,-70.6483,72.0,63,0,8.05,CL,1612746901
ushuaia,-54.8,-68.3,51.8,82,75,9.22,AR,1612746854
grand river south east,38.8755,-109.5012,48.2,8,1,8.05,US,1612746931
rikitea,-23.1203,-134.9692,77.63,71,47,12.5,PF,1612746931
bac lieu,45.3919,19.2367,51.01,81,75,12.66,RS,1612746931
tiksi,71.6872,128.8694,-29.65,86,55,5.06,RU,1612746931
bredasdorp,-34.5322,20.0403,57.2,82,8,5.75,ZA,1612746931
new norfolk,6.6518,-10.5932,75.2,94,20,2.57,LR,1612746828
namibe,-15.1961,12.1522,72.19,77,87,3.76,AO,1612746932
pathein,16.7833,94.7333,71.38,62,84,6.82,MM,1612746932
camacha,33.0833,-16.3333,60.8,88,75,13.8,PT,1612746932
calabozo,8.9242,-67.4293,84.6,50,94,9.06,VE,1612746932
tasiilaq,65.6145,-37.6368,21.2,53,0,4.61,GL,1612746896
port-gentil,-0.7193,8.7815,81.84,77,100,4.34,GA,1612746932
kapaa,22.0752,-159.319,75.2,50,1,6.91,US,1612746861
olafsvik,64.8945,-23.7142,35.01,81,90,14.85,IS,1612746933
guerrero negro,17.6667,-100.0,69.82,64,13,4.18,MX,1612746933
qingdao,36.0986,120.3719,33.01,74,0,2.24,CN,1612746933
dawlatabad,36.4141,64.9053,52.75,47,95,2.71,AF,1612746933
san patricio,13.3034,-4.8956,74.16,20,100,11.45,ML,1612746828
bongaigaon,26.4782,90.5568,57.69,57,0,2.28,IN,1612746933
port alfred,-7.0349,29.7638,72.95,77,100,8.25,CD,1612746933
keti bandar,40.8737,43.8448,12.2,85,100,3.44,AM,1612746933
avarua,-21.2078,-159.775,84.2,79,40,10.36,CK,1612746933
kavieng,-2.5744,150.7967,85.1,70,8,7.2,PG,1612746934
tautira,-17.7333,-149.15,86.0,70,40,12.66,PF,1612746934
hermanus,-34.4187,19.2345,55.99,91,0,1.57,ZA,1612746934
upernavik,72.7868,-56.1549,18.14,79,43,4.59,GL,1612746649
lagoa,39.05,-27.9833,57.61,78,0,17.83,PT,1612746935
bentong,3.5181,101.9079,82.0,88,20,1.95,MY,1612746935
bonavista,48.6499,-53.1147,30.0,74,3,13.8,CA,1612746936
khuchni,41.9499,47.9485,31.93,96,98,4.38,RU,1612746936
severo-kurilsk,50.6789,156.125,25.18,91,59,18.52,RU,1612746936
acari,-15.4311,-74.6158,73.31,72,100,3.6,PE,1612746936
qaanaaq,77.484,-69.3632,16.74,85,100,6.38,GL,1612746936
olyka,50.7186,25.8125,15.01,88,100,7.0,UA,1612746936
comodoro rivadavia,-13.6631,-59.7858,71.85,80,100,2.68,BR,1612746936
hudson bay,40.7168,-74.0663,34.0,86,90,8.05,US,1612746936
cidreira,-30.1811,-50.2056,70.66,72,0,7.4,BR,1612746937
caravelas,-17.7125,-39.2481,76.06,91,100,7.96,BR,1612746937
kruisfontein,-34.0033,24.7314,63.0,89,100,1.01,ZA,1612746937
barrow,71.2906,-156.7887,-27.4,68,1,9.22,US,1612746901
lebu,-37.6167,-73.65,58.86,94,100,0.92,CL,1612746937
galdar,28.147,-15.6502,62.6,67,40,10.36,ES,1612746937
mys shmidta,62.0589,48.6201,-21.41,84,100,9.13,RU,1612746937
honningsvag,70.9821,25.9704,25.95,92,100,23.69,NO,1612746937
atikokan,48.7555,-91.6216,-21.91,85,75,7.43,CA,1612746938
ribeira grande,42.7461,-8.4439,50.0,93,75,8.05,ES,1612746938
karratha,-20.7377,116.8463,81.61,59,0,8.99,AU,1612746896
tommot,58.9564,126.2925,-19.48,81,0,1.54,RU,1612746939
itoman,26.1247,127.6694,68.0,56,20,11.5,JP,1612746801
sept-iles,50.2001,-66.3821,17.6,86,100,2.3,CA,1612746939
airai,-8.9266,125.4092,69.62,89,100,3.6,TL,1612746939
torbay,47.6666,-52.7314,30.0,69,20,32.21,CA,1612746939
kanker,20.2719,81.4931,51.04,45,30,2.48,IN,1612746940
cabo san lucas,-8.2833,-35.0333,78.8,73,40,6.91,BR,1612746940
jamestown,42.097,-79.2353,12.99,72,90,10.36,US,1612746940
zhuzhou,27.8333,113.15,50.0,100,75,8.95,CN,1612746940
butembo,0.15,29.2833,57.87,51,99,3.09,CD,1612746940
hithadhoo,-0.6,73.0833,81.61,72,0,8.16,MV,1612746940
xiamen,24.4798,118.0819,66.2,82,0,2.24,CN,1612746813
georgetown,5.4112,100.3354,80.6,88,20,6.11,MY,1612746742
sao felix do xingu,20.5113,76.2129,54.99,37,61,5.21,IN,1612746941
bambous virieux,-20.2567,57.4061,78.8,83,40,5.75,MU,1612746941
flinders,-34.5833,150.8552,73.0,69,54,5.01,AU,1612746941
castro,-24.7911,-50.0119,58.12,79,0,6.08,BR,1612746941
port lincoln,-7.0349,29.7638,72.95,77,100,8.25,CD,1612746933
golden,39.7555,-105.2211,48.2,13,40,23.02,US,1612746941
kalyny,48.1408,23.8738,46.4,81,90,5.75,UA,1612746942
andros town,37.8333,24.9333,63.0,69,100,5.99,GR,1612746942
santa isabel do rio negro,17.486,120.4348,79.77,64,0,4.54,PH,1612746942
lebanon,36.2081,-86.2911,30.0,86,1,3.44,US,1612746942
taoudenni,22.6783,-3.9836,59.63,33,0,8.86,ML,1612746942
hovd,48.0056,91.6419,11.77,84,100,1.21,MN,1612746942
hami,42.8,93.45,28.74,80,0,3.0,CN,1612746942
tieli,46.95,128.05,-14.08,88,65,3.06,CN,1612746943
butaritari,3.0707,172.7902,80.62,80,27,18.9,KI,1612746943
adrar,20.5022,-10.0711,56.68,36,0,9.28,MR,1612746943
poum,-20.2333,164.0167,80.85,69,2,7.23,NC,1612746943
mataura,-46.1927,168.8643,73.42,42,100,3.15,NZ,1612746943
bathsheba,13.2167,-59.5167,77.0,69,20,17.27,BB,1612746943
khani,41.9563,42.9566,46.4,93,0,9.22,GE,1612746944
eureka,40.8021,-124.1637,52.0,76,100,5.99,US,1612746944
nizwa,22.9333,57.5333,53.22,68,6,2.06,OM,1612746944
port blair,-7.0349,29.7638,72.95,77,100,8.25,CD,1612746944
clyde river,41.3042,-82.9752,10.0,75,100,1.01,US,1612746945
mansa,29.9833,75.3833,49.69,64,0,1.68,IN,1612746945
uddevalla,58.3478,11.9424,21.99,92,72,4.61,SE,1612746945
qasigiannguit,68.8193,-51.1922,19.4,45,0,21.85,GL,1612746945
pisco,-13.7,-76.2167,71.6,83,75,8.05,PE,1612746945
ottawa,45.4112,-75.6981,19.4,67,90,11.5,CA,1612746933
itapirapua,-15.8233,-50.6133,71.38,95,98,8.52,BR,1612746946
wamba,8.9333,8.6,75.38,19,100,4.21,NG,1612746946
korla,41.7597,86.1469,31.23,79,100,2.8,CN,1612746946
urumqi,43.801,87.6005,12.2,92,100,4.47,CN,1612746946
tuktoyaktuk,69.4541,-133.0374,-27.4,68,40,9.22,CA,1612746947
yellowknife,62.456,-114.3525,-32.8,68,40,8.05,CA,1612746789
mount isa,53.6597,-1.8537,32.0,82,100,8.01,GB,1612746947
kaitangata,-46.2817,169.8464,64.99,84,100,7.0,NZ,1612746947
chuy,-33.6971,-53.4616,65.89,77,19,7.34,UY,1612746948
kambove,-10.8764,26.5969,62.49,98,99,3.89,CD,1612746948
ilulissat,69.2167,-51.1,19.4,45,0,21.85,GL,1612746948
sao geraldo do araguaia,20.5113,76.2129,56.73,35,54,6.49,IN,1612746948
nanortalik,60.1432,-45.2371,31.59,87,87,17.83,GL,1612746949
kawana waters,-23.3335,150.5051,91.4,55,40,4.61,AU,1612746949
hasaki,35.7333,140.8333,44.01,49,75,11.5,JP,1612746885
inuvik,68.3499,-133.7218,-23.8,76,100,10.36,CA,1612746949
calbuco,-41.768,-73.1273,62.6,67,0,11.5,CL,1612746950
nzega,-2.479,29.5564,56.68,89,100,3.96,RW,1612746950
mandalgovi,45.7625,106.2708,12.94,83,0,10.18,MN,1612746950
longyearbyen,78.2186,15.6401,8.6,56,0,16.11,SJ,1612746912
touros,-5.1989,-35.4608,80.6,78,20,12.66,BR,1612746950
felnac,46.1167,21.15,45.0,87,40,8.05,RO,1612746950
daru,-9.0763,143.2092,87.28,63,51,7.54,PG,1612746950
hilo,19.7297,-155.09,78.8,57,75,10.36,US,1612746796
nzerekore,7.7562,-8.8179,70.48,94,71,4.65,GN,1612746950
dingle,10.9995,122.6711,76.05,92,100,11.32,PH,1612746951
retz,48.7494,15.9624,28.99,93,100,5.3,AT,1612746951
anadyr,64.75,177.4833,8.6,61,100,8.95,RU,1612746951
khatanga,71.9667,102.5,-28.08,79,12,11.5,RU,1612746951
shaoyang,27.2315,111.4525,50.02,86,100,4.81,CN,1612746951
kloulklubed,7.0419,134.2556,84.2,79,75,11.5,PW,1612746951
enshi,30.3,109.4833,46.72,79,100,1.86,CN,1612746952
lazaro cardenas,19.4558,-71.3261,72.61,74,45,2.19,DO,1612746952
sandwick,60.0,-1.25,34.07,83,100,7.74,GB,1612746952
nikolskoye,59.7035,30.7861,15.8,86,90,8.95,RU,1612746952
lumberton,34.6182,-79.0086,39.2,87,1,3.8,US,1612746738
dedougou,12.4667,-3.4667,74.53,22,85,7.49,BF,1612746953
cantanhede,-3.6333,-44.3767,74.77,94,51,3.74,BR,1612746953
vanavara,60.34,102.2797,26.29,97,100,11.1,RU,1612746953
luderitz,-26.6481,15.1594,68.05,52,0,28.34,NA,1612746953
arraial do cabo,-22.8362,-46.646,69.01,68,0,14.97,BR,1612746953
porto velho,41.1496,-8.611,53.6,82,40,10.36,PT,1612746755
katsuura,35.1333,140.3,46.0,39,61,3.0,JP,1612746899
vao,-22.6667,167.4833,78.04,78,92,5.82,NC,1612746954
bilma,18.6853,12.9164,64.4,24,100,7.16,NE,1612746954
oudtshoorn,-33.5907,22.2014,60.8,88,0,5.75,ZA,1612746954
tam ky,13.1339,12.1367,65.71,23,0,9.46,NE,1612746954
mahebourg,-20.4081,57.7,78.8,83,40,5.75,MU,1612746954
fairbanks,64.8378,-147.7164,-11.0,76,1,2.51,US,1612746954
awbari,26.5921,12.7805,63.95,28,100,12.82,LY,1612746954
inhambane,-23.865,35.3833,79.02,83,100,8.48,MZ,1612746955
batagay-alyta,67.8006,130.4114,-30.23,76,0,2.42,RU,1612746955
asau,46.4333,26.4,30.0,73,27,1.9,RO,1612746955
ostrovnoy,68.0531,39.5131,8.56,94,100,8.75,RU,1612746657
singkang,2.1006,102.7994,80.6,78,20,6.91,MY,1612746955
victoria,22.2855,114.1577,69.01,82,14,1.99,HK,1612746910
itarema,-2.9248,-39.9167,80.19,80,42,13.09,BR,1612746955
tuatapere,-46.1333,167.6833,68.49,56,100,6.29,NZ,1612746955
pitimbu,-7.4706,-34.8086,80.6,83,0,6.91,BR,1612746956
saint-georges,12.0564,-61.7485,78.8,73,20,16.11,GD,1612746956
ponnani,10.767,75.9252,71.6,94,20,2.3,IN,1612746956
chapais,49.7834,-74.8492,8.6,85,75,8.05,CA,1612746956
luangwa,-15.6167,30.4167,72.52,93,100,2.15,ZM,1612746956
geraldton,-28.7667,114.6,73.4,68,75,14.97,AU,1612746956
shizunai,42.3339,142.3669,23.02,91,100,18.45,JP,1612746957
balikpapan,-1.2675,116.8289,82.4,83,40,5.75,ID,1612746957
volkhov,59.9258,32.3382,12.99,50,96,5.37,RU,1612746914
hvolsvollur,63.7533,-20.2243,33.01,74,100,11.99,IS,1612746957
noumea,-22.2763,166.4572,86.0,70,20,9.22,NC,1612746912
tiznit,29.5833,-9.5,50.81,86,94,2.98,MA,1612746957
codrington,-38.2667,141.9667,60.26,67,100,13.96,AU,1612746957
bengkulu,-3.8004,102.2655,78.66,73,99,3.65,ID,1612746739
yenagoa,4.9247,6.2642,79.2,88,97,3.67,NG,1612746958
pleasanton,37.6624,-121.8747,66.2,42,1,3.44,US,1612746724
bandarbeyla,9.4942,50.8122,75.11,79,69,18.3,SO,1612746958
coquimbo,-29.9533,-71.3436,60.8,77,0,6.91,CL,1612746783
nabire,-3.3667,135.4833,86.47,61,77,3.2,ID,1612746958
puerto ayora,36.5939,-6.233,59.0,82,75,19.57,ES,1612746959
dobromir,44.0167,27.7833,48.0,98,90,5.99,RO,1612746959
valleyview,55.0667,-117.2859,-23.8,69,100,6.91,CA,1612746959
isangel,-19.55,169.2667,84.2,74,40,6.91,VU,1612746959
kununurra,-15.7667,128.7333,87.8,79,40,8.05,AU,1612746959
palmares do sul,-8.6833,-35.5917,73.49,89,100,3.65,BR,1612746959
blairmore,49.6,-114.4353,-9.4,77,100,11.5,CA,1612746960
ust-ilimsk,58.0006,102.6619,21.63,97,97,8.43,RU,1612746960
natchez,31.5604,-91.4032,46.4,76,1,5.75,US,1612746960
salalah,17.0151,54.0924,69.8,73,20,5.75,OM,1612746958
lompoc,34.6391,-120.4579,60.01,77,1,5.75,US,1612746961
oistins,13.0667,-59.5333,77.0,69,20,17.27,BB,1612746961
amboasary,-25.0333,46.3833,80.6,83,20,2.33,MG,1612746961
gunjur,13.2019,-16.7339,68.0,56,4,5.75,GM,1612746961
radovitskiy,55.1282,39.7956,-8.91,88,0,5.26,RU,1612746961
egvekinot,66.3167,-179.1667,-12.1,88,6,15.61,RU,1612746962
asyut,27.181,31.1837,53.6,76,0,3.44,EG,1612746962
veraval,20.9,70.3667,68.52,32,0,11.54,IN,1612746852
carnarvon,-24.8667,113.6333,80.6,100,40,12.66,AU,1612746805
rocky mountain house,35.157,-99.0604,35.6,93,1,14.97,US,1612746963
bani walid,18.2833,-70.3333,80.01,76,8,4.0,DO,1612746963
jutai,-5.1833,-68.9,75.25,95,100,2.57,BR,1612746670
taldan,53.6667,124.8,-11.49,86,0,4.18,RU,1612746963
north platte,50.3333,3.6667,28.99,100,90,6.6,FR,1612746963
havelock,34.8791,-76.9013,42.8,81,1,9.22,US,1612746964
aden,12.7794,45.0367,74.8,66,0,4.36,YE,1612746810
darnah,32.767,22.6367,65.55,41,100,29.01,LY,1612746964
birin,26.8865,88.0718,45.39,60,0,4.54,NP,1612746964
sobolevo,54.4299,31.8996,-3.28,93,0,3.71,RU,1612746964
sitka,57.0531,-135.33,35.6,32,75,6.91,US,1612746964
berdigestyakh,62.0989,126.6992,-25.33,85,0,4.36,RU,1612746965
college,64.8569,-147.8028,-11.0,76,20,2.84,US,1612746965
severo-yeniseyskiy,60.3725,93.0408,11.77,95,100,12.57,RU,1612746965
esperance,-33.8667,121.9,73.4,60,40,17.27,AU,1612746668
fort nelson,52.6517,6.3861,21.99,90,100,3.0,NL,1612746965
ponta do sol,38.7333,-28.2667,53.69,89,16,17.72,PT,1612746965
constitucion,-35.3333,-72.4167,58.1,90,0,7.11,CL,1612746956
sheksna,59.21,38.5107,-18.9,88,39,5.93,RU,1612746966
constantine,36.365,6.6147,44.6,81,75,9.22,DZ,1612746966
murdochville,48.9583,-65.5006,19.4,79,100,9.22,CA,1612746966
carver,44.8,-93.7836,-4.0,65,90,8.05,US,1612746966
chokurdakh,70.6333,147.9167,-16.78,88,98,7.56,RU,1612746958
thompson,55.7435,-97.8558,-27.4,68,75,14.97,CA,1612746956
atasu,48.6814,71.6433,34.02,97,100,29.95,KZ,1612746967
kandrian,-6.2167,149.55,87.17,69,83,10.33,PG,1612746967
bundaberg,-24.85,152.35,79.0,83,90,13.8,AU,1612746967
platteville,42.7342,-90.4785,-0.4,60,90,4.81,US,1612746967
goundi,9.3627,17.366,66.61,22,100,4.09,TD,1612746968
pangnirtung,66.1451,-65.7125,24.1,78,0,6.51,CA,1612746968
corn island,44.6075,1.8957,39.0,100,90,5.75,FR,1612746968
chor,25.5167,69.7667,54.63,41,0,2.75,PK,1612746968
rajshahi,24.3667,88.6,55.35,69,0,6.98,BD,1612746968
burnie,-41.0667,145.9167,66.0,85,13,5.01,AU,1612746968
pacific grove,38.482,-90.7415,17.01,72,83,1.99,US,1612746969
chimbote,-9.0853,-78.5783,70.99,76,100,6.78,PE,1612746705
nouadhibou,20.931,-17.0347,62.6,77,0,19.57,MR,1612746969
marks,51.7111,46.7486,-6.29,89,0,10.09,RU,1612746969
atuona,-9.8,-139.0333,79.72,73,14,20.71,PF,1612746957
lyngdal,58.1376,7.07,23.0,68,8,5.99,NO,1612746969
saint-pierre,-21.3393,55.4781,80.6,61,90,6.91,RE,1612746969
zyryanka,65.75,150.85,-18.15,85,100,18.97,RU,1612746969
necochea,-38.5473,-58.7368,59.0,74,46,12.91,AR,1612746969
chiplun,17.5333,73.5167,68.99,32,100,4.25,IN,1612746970
sorland,67.667,12.6934,34.21,85,93,8.08,NO,1612746970
shenjiamen,29.9576,122.298,47.35,80,100,20.76,CN,1612746970
cherskiy,68.75,161.3,5.65,74,0,5.61,RU,1612746970
antalaha,-14.9003,50.2788,75.33,88,99,3.58,MG,1612746970
paamiut,61.994,-49.6678,27.88,85,65,13.44,GL,1612746970
kotelnikovo,47.6317,43.1461,19.04,75,100,3.74,RU,1612746972
muli,2.9167,73.5667,81.32,73,0,16.11,MV,1612746972
macomb,40.4592,-90.6718,1.99,71,90,3.44,US,1612746910
villeta,5.0089,-74.4723,55.4,100,40,2.3,CO,1612746972
saint-augustin,51.226,-58.6502,18.05,92,5,10.0,CA,1612746972
okha,53.5739,142.9478,19.74,97,100,21.68,RU,1612746973
sur,22.5667,59.5289,62.92,72,0,1.95,OM,1612746973
svetlogorsk,52.6333,29.7333,3.7,93,43,5.26,BY,1612746973
giraltovce,49.114,21.5173,33.01,97,100,2.04,SK,1612746974
calamar,10.2511,-74.9146,80.6,78,40,9.22,CO,1612746974
ucluelet,48.9329,-125.5528,44.01,75,40,13.8,CA,1612746855
provideniya,64.3833,-173.3,-0.44,83,100,18.34,RU,1612746975
mar del plata,43.4002,-4.0094,55.0,62,0,19.57,ES,1612746975
biak,-0.9131,122.8766,82.09,69,100,0.83,ID,1612746975
half moon bay,6.3807,-10.6953,75.2,94,20,4.79,LR,1612746975
narsaq,60.9167,-46.05,37.4,30,82,43.73,GL,1612746785
ostersund,63.1792,14.6357,15.8,86,90,6.91,SE,1612746976
pozo colorado,22.4497,-80.1794,77.0,94,40,4.61,CU,1612746976
muscat,23.6139,58.5922,66.2,72,0,3.44,OM,1612746976
east london,65.0,-15.0,35.6,75,75,8.05,IS,1612746976
wajir,1.7471,40.0573,75.36,73,75,17.4,KE,1612746976
leiyang,26.4024,112.8591,51.84,86,100,7.34,CN,1612746977
lianyuan,27.6883,111.6642,49.48,81,100,5.93,CN,1612746977
alofi,-19.0595,-169.9187,87.8,66,75,11.5,NU,1612746977
aksum,14.1245,38.7244,41.56,78,0,1.39,ET,1612746977
leningradskiy,69.3833,178.4167,-15.14,85,0,7.96,RU,1612746977
namatanai,-3.6667,152.4333,85.66,68,45,5.7,PG,1612746977
partyzany,46.3314,34.7503,32.31,90,100,14.67,UA,1612746977
hokitika,-42.7167,170.9667,66.31,68,100,7.27,NZ,1612746978
aromashevo,56.8602,68.6375,-3.96,92,73,8.72,RU,1612746978
sabya,17.1495,42.6254,73.4,73,40,3.44,SA,1612746978
birjand,32.8663,59.2211,37.4,32,0,4.61,IR,1612746978
lodja,-3.4833,23.4333,71.4,92,100,0.81,CD,1612746978
kahului,20.8947,-156.47,77.0,53,20,13.8,US,1612746779
yulara,-25.2406,130.9889,87.8,20,0,18.41,AU,1612746978
pionerskiy,54.9508,20.2275,5.0,85,0,8.95,RU,1612746978
manicore,-5.8092,-61.3003,75.79,96,100,2.24,BR,1612746979
sakassou,7.4546,-5.2926,80.6,74,75,6.91,CI,1612746979
winona,43.9666,-91.7668,-0.4,55,90,4.61,US,1612746771
edgewater,28.9889,-80.9023,60.8,88,75,12.66,US,1612746728
leh,34.1667,77.5833,10.89,58,21,1.66,IN,1612746979
waipawa,-41.4122,175.5153,70.0,68,90,21.85,NZ,1612746980
bilibino,68.0546,166.4372,2.28,80,0,6.35,RU,1612746896
fortuna,40.5982,-124.1573,51.01,93,1,8.05,US,1612746980
pietersburg,-23.9045,29.4688,66.2,82,100,1.14,ZA,1612746980
tingo maria,-0.9,-79.05,55.4,71,0,10.36,EC,1612746980
bubaque,11.2833,-15.8333,78.85,67,0,5.12,GW,1612746981
waimana,-38.15,177.0833,68.27,64,98,5.21,NZ,1612746981
adre,13.4667,22.2,57.38,32,87,11.41,TD,1612746981
sakaiminato,35.55,133.2333,41.0,87,75,10.36,JP,1612746981
boulder city,40.0833,-105.3505,30.99,47,40,24.16,US,1612746913
sisimiut,66.9395,-53.6735,24.67,79,2,17.05,GL,1612746981
saldanha,-33.0117,17.9442,62.6,72,0,9.22,ZA,1612746981
iquique,-20.2208,-70.1431,73.4,53,0,16.11,CL,1612746982
nizhniy tsasuchey,45.3926,39.2364,24.01,93,75,8.95,RU,1612746982
mumbwa,-14.9783,27.0619,65.39,96,99,5.53,ZM,1612746982
siloam springs,33.5368,-83.081,44.6,87,1,3.44,US,1612746982
lubango,-14.9172,13.4925,61.41,70,97,3.44,AO,1612746982
yanam,16.7333,82.2167,68.0,94,98,5.75,IN,1612746983
pipar,26.3856,73.5378,55.15,38,0,5.66,IN,1612746983
lipin bor,52.9262,15.1171,15.01,57,100,18.43,PL,1612746983
ambon,-3.6954,128.1814,89.6,66,40,3.44,ID,1612746710
huayucachi,-12.1333,-75.2333,49.82,74,100,3.85,PE,1612746983
rodrigues alves,-19.7,63.4167,77.27,81,0,17.87,MU,1612746984
homer,59.6425,-151.5483,26.6,74,1,6.91,US,1612746984
manchester,53.4809,-2.2374,35.01,64,90,13.8,GB,1612746779
tual,-5.6667,132.75,83.88,78,84,18.66,ID,1612746715
ndele,8.4109,20.6473,65.05,27,60,7.07,CF,1612746984
paracuru,-3.41,-39.0306,82.0,79,1,14.0,BR,1612746727
faya,18.3851,42.4509,51.8,53,0,5.75,SA,1612746985
vega de alatorre,35.2428,-102.4283,55.99,35,1,16.11,US,1612746985
jalu,29.0331,21.5482,68.0,25,100,19.08,LY,1612746985
chumikan,54.7183,135.315,-6.38,84,100,23.64,RU,1612746985
pevek,69.7008,170.3133,-5.78,82,0,2.77,RU,1612746985
faanui,-16.4833,-151.75,81.43,75,0,13.29,PF,1612746985
nanyuki,0.0167,37.0728,59.25,84,100,2.1,KE,1612746985
keshabpur,22.9183,89.2112,56.7,62,0,6.69,BD,1612746986
san juan de los morros,13.3034,-4.8956,72.72,21,79,11.43,ML,1612746828
buala,-8.145,159.5921,85.03,75,97,9.22,SB,1612746986
ternate,0.8,127.4,82.8,76,98,6.35,ID,1612746986
druzhba,52.0428,33.9453,1.02,92,98,2.89,UA,1612746986
valdivia,-39.8142,-73.2459,60.8,88,0,4.61,CL,1612746986
atagay,55.1033,99.3875,22.87,94,62,3.44,RU,1612746986
karpogory,64.0019,44.4451,-22.36,87,68,6.51,RU,1612746986
vallenar,-28.5708,-70.7581,62.42,65,0,2.46,CL,1612746986
meulaboh,4.1363,96.1285,78.08,82,100,3.62,ID,1612746836
monte azul,42.4687,9.3916,53.01,50,0,5.75,FR,1612746987
iqaluit,63.7506,-68.5145,30.2,74,90,14.97,CA,1612746987
prado,-17.3411,-39.2208,77.13,90,100,11.54,BR,1612746782
thayetmyo,19.3167,95.1833,63.0,58,0,2.71,MM,1612746987
atbasar,51.8,68.3333,13.95,97,100,4.85,KZ,1612746988
polyarnyy,69.1989,33.4478,19.4,86,40,8.95,RU,1612746988
souillac,-20.5167,57.5167,78.8,83,40,5.75,MU,1612746988
donskoye,45.4552,41.9741,17.6,100,90,6.71,RU,1612746988
carballo,43.213,-8.691,48.0,93,28,1.01,ES,1612746988
vila franca do campo,42.0304,-8.1588,46.0,94,83,17.0,PT,1612746989
sinjar,36.3209,41.8754,47.3,60,0,1.12,IQ,1612746989
prince rupert,52.9669,-108.3847,-23.8,69,1,5.75,CA,1612746989
qabaqcol,41.72,46.2647,48.2,61,75,11.5,AZ,1612746989
neiafu,-18.65,-173.9833,78.8,94,90,9.22,TO,1612746990
kurchum,48.5722,83.6542,20.35,92,77,3.85,KZ,1612746990
boddam,57.4667,-1.7833,34.0,80,75,9.22,GB,1612746990
port macquarie,-7.0349,29.7638,72.95,77,100,8.25,CD,1612746944
viedma,-40.8135,-62.9967,57.99,68,86,11.99,AR,1612746990
kirkuk,35.4681,44.3922,50.65,65,0,1.83,IQ,1612746990
crystal lake,45.0327,-93.3602,-2.2,46,90,8.05,US,1612746990
bereznik,62.8551,42.7072,-22.27,86,23,7.27,RU,1612746990
broome,42.2506,-75.833,16.0,57,1,16.11,US,1612746991
katobu,-4.9408,122.5276,83.05,76,100,6.04,ID,1612746991
lavrentiya,65.5833,-171.0,-8.61,86,18,9.33,RU,1612746991
okhotsk,59.3833,143.3,18.19,90,100,18.97,RU,1612746991
port elizabeth,-7.0349,29.7638,72.95,77,100,8.25,CD,1612746929
prabumulih,-3.45,104.25,76.23,94,61,4.61,ID,1612746991
mantua,45.1667,10.7833,48.0,97,4,3.0,IT,1612746991
kavaratti,10.5669,72.642,81.14,68,96,8.88,IN,1612746991
erenhot,43.6475,111.9767,10.54,87,0,8.32,CN,1612746991
ancud,-41.8697,-73.8203,64.99,73,0,0.87,CL,1612746992
ahipara,-35.1667,173.1667,72.79,58,46,10.07,NZ,1612746992
alekseyevsk,57.8406,108.3492,25.09,96,100,11.45,RU,1612746992
manaure,11.7751,-72.4445,78.73,70,99,15.05,CO,1612746992
maragogi,-9.0122,-35.2225,78.62,81,100,9.66,BR,1612746992
dogondoutchi,13.6393,4.0287,72.7,18,81,8.52,NE,1612746992
victor harbor,42.9826,-77.4089,15.01,60,3,1.01,US,1612746992
haines junction,59.2286,-135.4441,23.0,46,90,9.22,US,1612746992
springbok,-29.6643,17.8865,57.97,43,0,3.98,ZA,1612746993
sao filipe,20.5113,76.2129,54.99,37,61,5.21,IN,1612746941
abu samrah,24.6,72.7,46.8,52,0,3.85,IN,1612746993
ardahan,41.1087,42.7022,21.6,90,76,2.84,TR,1612746993
mayumba,-3.432,10.6554,78.31,85,100,4.05,GA,1612746993
rabat,33.9911,-6.8401,51.01,93,14,5.75,MA,1612746973
alacranes,22.7675,-81.5675,73.4,83,20,3.44,CU,1612746994
kushiro,42.975,144.3747,15.8,79,20,10.36,JP,1612746994
beian,63.6559,9.5683,23.0,86,75,8.05,NO,1612746994
vila velha,42.0304,-8.1588,46.0,94,83,17.0,PT,1612746994
assiniboia,49.6334,-105.9845,-25.6,68,0,5.75,CA,1612746994
vestmanna,62.1564,-7.1664,35.6,69,75,18.41,FO,1612746995
kedrovyy,56.1667,91.8167,30.2,74,40,4.47,RU,1612746995
kungurtug,50.5994,97.5228,3.88,84,44,2.44,RU,1612746995
vechta,52.7167,8.2833,21.99,89,100,8.01,DE,1612746995
tumpat,6.1978,102.171,77.0,94,20,3.36,MY,1612746995
sao jose da coroa grande,20.5113,76.2129,56.73,35,54,6.49,IN,1612746995
patacamaya,-17.2333,-67.9167,49.82,77,27,8.84,BO,1612746996
tandalti,13.0167,31.8667,64.78,29,0,12.3,SD,1612746996
coihaique,-45.5752,-72.0662,66.2,48,0,8.05,CL,1612746996
cayenne,4.9333,-52.3333,80.6,78,90,8.05,GF,1612746747
chadan,51.2833,91.5833,-1.21,89,88,1.68,RU,1612746996
muswellbrook,-32.2667,150.9,75.67,55,65,9.57,AU,1612746956
kensington,-33.9167,151.2167,73.0,73,75,18.41,AU,1612746996
qaqortoq,60.7167,-46.0333,37.4,30,100,43.73,GL,1612746996
kieta,-6.2167,155.6333,85.95,71,94,7.67,PG,1612746997
turgenevo,54.8455,46.3297,-14.08,86,0,11.3,RU,1612746997
pilar,-9.5972,-35.9567,75.2,94,40,5.75,BR,1612746914
andenes,69.3143,16.1194,30.2,74,100,12.66,NO,1612746997
monrovia,6.3005,-10.7969,75.2,94,20,6.4,LR,1612746991
tabuk,17.4189,121.4443,76.17,81,29,2.19,PH,1612746997
maningrida,-12.0667,134.2667,85.69,69,99,12.57,AU,1612746997
mareeba,-17.0,145.4333,91.0,79,90,6.91,AU,1612746997
kirakira,-10.4544,161.9205,85.24,71,7,8.97,SB,1612746998
uglekamensk,43.2172,133.2303,2.77,82,21,8.03,RU,1612746998
las juntas,49.7393,19.4295,24.01,3,100,1.99,PL,1612746998
porterville,36.0652,-119.0168,63.0,51,1,3.44,US,1612746998
prieska,-29.6641,22.7474,75.96,45,0,11.12,ZA,1612746998
kupang,-10.1667,123.5833,82.4,94,40,6.91,ID,1612746998
jumla,29.2747,82.1838,34.93,56,0,6.06,NP,1612746999
akyab,20.15,92.9,64.2,56,0,8.72,MM,1612746999
bethel,41.3712,-73.414,28.4,86,90,4.61,US,1612746895
genhe,50.7833,121.5167,-16.69,85,19,3.0,CN,1612746999
havre-saint-pierre,50.2334,-63.5986,12.2,85,75,2.3,CA,1612746999
almaznyy,48.0448,40.045,15.8,73,0,6.71,RU,1612746999
bukachacha,52.9833,116.9167,-12.39,86,92,2.28,RU,1612747000
kutina,45.475,16.7819,48.2,93,20,4.56,HR,1612747000
talara,-4.5772,-81.2719,75.18,80,13,11.48,PE,1612747000
xuanhua,40.6103,115.0447,22.91,74,0,4.18,CN,1612746791
smidovich,48.6,133.8167,-7.87,87,82,10.22,RU,1612747000
aswan,24.0934,32.907,57.74,52,0,8.1,EG,1612747000
altay,47.8667,88.1167,21.06,81,66,3.49,CN,1612747001
bonthe,7.5264,-12.505,78.39,86,0,1.52,SL,1612747001
saint-joseph,-21.3667,55.6167,80.6,61,90,6.91,RE,1612747001
atar,20.5169,-13.0499,57.81,38,0,8.9,MR,1612746975
panjab,34.388,67.0233,23.65,85,97,0.34,AF,1612747001
malibu,34.005,-118.8101,61.0,93,0,2.66,US,1612746999
ilek,51.5271,53.3831,-7.73,89,95,12.93,RU,1612747002
jiazi,22.8779,116.067,67.17,72,0,15.64,CN,1612747002
laguna,38.421,-121.4238,62.6,39,1,3.44,US,1612747002
northam,51.0333,-4.2167,35.01,74,84,15.01,GB,1612747002
gari,59.4307,62.3497,-8.54,91,100,2.75,RU,1612747002
thaba-tseka,-29.522,28.6084,53.65,79,0,2.44,LS,1612747002
harindanga,22.0383,88.3214,59.0,88,0,4.61,IN,1612747002
alekseyevka,50.6309,38.6903,7.66,89,100,6.64,RU,1612747002
luanda,-8.8368,13.2343,78.8,78,75,5.75,AO,1612746769
byron bay,44.0327,-92.6455,-2.2,55,90,4.61,US,1612747003
willowmore,-33.2926,23.4895,57.69,74,23,3.27,ZA,1612747003
cap malheureux,49.2718,-1.2104,37.0,69,90,16.11,FR,1612747003
yozgat,39.5833,35.3333,43.66,60,98,5.35,TR,1612747003
kimbe,-5.5502,150.1429,85.66,69,28,6.33,PG,1612747003
bushehr,28.9684,50.8385,60.8,88,0,11.5,IR,1612747003
melur,10.05,78.3333,69.8,78,20,4.61,IN,1612746982
cam ranh,-38.9838,-67.8222,68.0,49,75,13.8,AR,1612747004
valparaiso,-33.0393,-71.6273,62.6,77,0,6.91,CL,1612747004
huntingdon,52.3305,-0.1865,30.99,87,100,11.01,GB,1612746909
domoni,-12.2569,44.5319,78.67,82,100,10.04,KM,1612747004
ust-maya,60.4167,134.5333,-26.64,83,100,3.06,RU,1612747004
ouallam,14.3188,2.0866,74.61,19,0,7.36,NE,1612747004
arlit,18.7369,7.3853,66.0,21,99,4.56,NE,1612747004
vorkuta,67.5,64.0,-17.68,88,100,19.86,RU,1612747004
ust-kuyga,70.0167,135.6,-27.78,80,3,1.57,RU,1612747005
margate,51.3813,1.3862,32.0,77,100,3.0,GB,1612747005
nemuro,43.3236,145.575,10.4,85,20,4.61,JP,1612746802
kaduna,10.5222,7.4383,65.8,26,43,7.61,NG,1612747005
nueva loja,-1.7167,-79.8333,82.4,78,75,3.44,EC,1612747005
winnemucca,40.973,-117.7357,51.8,19,1,6.38,US,1612746785
santander,43.4647,-3.8044,54.0,62,0,19.57,ES,1612747006
kutum,14.2,24.6667,50.23,43,2,8.05,SD,1612747006
gizo,-8.103,156.8419,84.74,73,100,9.24,SB,1612747006
oranjemund,-28.55,16.4333,61.83,79,0,19.13,NA,1612747006
pemba,-12.974,40.5178,78.8,94,75,5.75,MZ,1612747006
mpongwe,-13.5091,28.155,66.0,98,100,3.27,ZM,1612747006
patzun,14.6833,-91.0167,69.8,64,0,13.8,GT,1612747006
hamilton,39.1834,-84.5333,19.4,42,90,5.75,US,1612746965
kushima,31.4583,131.2333,55.4,41,40,17.27,JP,1612747006
pokrovsk,48.282,37.1758,18.5,74,100,5.53,UA,1612747007
sambava,-14.2667,50.1667,75.33,90,12,4.41,MG,1612747007
udachnyy,66.4167,112.4,-28.59,83,87,5.35,RU,1612747007
mitsamiouli,-11.3847,43.2844,82.44,79,100,13.13,KM,1612746835
baiao,-2.7906,-49.6717,74.08,94,38,2.51,BR,1612747007
labuhan,-6.8844,112.2051,79.59,84,95,9.89,ID,1612747007
riyadh,24.6877,46.7219,55.4,71,0,9.22,SA,1612746889
morobuan,10.6257,122.5547,77.41,89,100,17.45,PH,1612747007
ikalamavony,-21.15,46.5833,68.9,87,99,1.72,MG,1612747007
marsa matruh,35.8792,14.4953,55.99,82,0,9.22,MT,1612746890
nyurba,63.2842,118.3319,-1.93,92,100,5.19,RU,1612747008
talnakh,69.4865,88.3972,-17.64,76,54,2.84,RU,1612747008
kralendijk,12.15,-68.2667,78.8,78,80,13.8,BQ,1612746868
hobyo,5.3505,48.5268,76.82,82,16,16.69,SO,1612747008
sete,43.4018,3.6966,46.4,76,0,8.05,FR,1612746753
savannah bight,32.0835,-81.0998,45.0,87,1,5.79,US,1612746954
harper,4.375,-7.7169,79.2,89,0,6.55,LR,1612747008
sharjah,25.3573,55.4033,68.0,88,0,4.61,AE,1612746873
boa vista,4.4296,8.9742,78.39,83,100,2.64,CM,1612747009
beloha,-25.1667,45.05,74.05,97,19,4.05,MG,1612747009
santa eulalia del rio,17.486,120.4348,79.83,64,0,4.79,PH,1612747009
bereda,43.2686,-7.5406,46.0,100,81,5.99,ES,1612747010
skibbereen,51.55,-9.2667,35.6,69,90,20.71,IE,1612747010
mazyr,52.0495,29.2456,10.04,91,100,9.13,BY,1612747010
mongo,12.1844,18.693,65.1,24,92,6.67,TD,1612747010
mitu,1.1983,-70.1733,73.49,97,100,1.5,CO,1612746967
samarai,-10.6167,150.6667,86.59,65,83,1.72,PG,1612747010
rabaul,-4.1967,152.1721,84.04,74,100,8.21,PG,1612747011
onguday,50.75,86.15,18.91,89,100,4.63,RU,1612747011
ust-koksa,50.2696,85.6108,21.63,92,96,3.4,RU,1612747011
mahajanga,-15.7167,46.3167,77.0,94,40,5.75,MG,1612747011
manuk mangkaw,-7.903,111.5033,77.59,85,67,7.72,ID,1612747011
vardo,70.3705,31.1107,24.57,92,98,27.63,NO,1612747011
plouzane,48.3833,-4.6167,37.4,75,90,16.11,FR,1612747012
amuntai,-2.4177,115.2494,81.66,83,97,0.65,ID,1612747012
carlyle,38.6103,-89.3726,16.0,63,100,1.01,US,1612747012
prince albert,52.9669,-108.3847,-23.8,69,1,5.75,CA,1612747012
kashi,39.4547,75.9797,33.8,55,40,6.71,CN,1612747012
vilhena,-12.7406,-60.1458,69.82,97,97,2.86,BR,1612747012
yerbogachen,61.2767,108.0108,23.25,98,100,5.14,RU,1612747012
muisne,0.6,-80.0333,77.38,89,94,5.93,EC,1612747012
hibbing,47.4272,-92.9377,-13.0,57,1,3.44,US,1612747013
pochutla,15.7432,-96.4661,80.01,78,40,11.5,MX,1612747013
planaltina,-15.4528,-47.6142,68.0,94,75,6.91,BR,1612746900
puquio,-14.7,-74.1333,52.7,76,100,5.82,PE,1612747013
petatlan,17.5167,-101.2667,82.4,74,1,1.48,MX,1612747013
fuxin,42.0156,121.6589,13.15,76,0,7.27,CN,1612747013
bardiyah,31.7561,25.0865,63.82,50,100,19.28,LY,1612747013
rovaniemi,66.5,25.7167,10.4,85,0,9.22,FI,1612747014
klaksvik,62.2266,-6.589,35.6,69,75,18.41,FO,1612747014
omsukchan,62.5333,155.8,6.53,85,100,16.67,RU,1612747014
bilyayivka,46.4832,30.2168,28.4,100,90,15.66,UA,1612747014
sao miguel do araguaia,20.5113,76.2129,56.73,35,54,6.49,IN,1612746948
portland,45.5234,-122.6762,46.99,61,90,8.05,US,1612746346
nalut,30.3333,10.85,54.86,39,0,12.93,LY,1612747015
blackwater,-23.5833,148.8833,89.92,53,3,3.96,AU,1612747015
husavik,66.0449,-17.3389,30.2,80,75,7.07,IS,1612747015
belmonte,-15.8631,-38.8828,78.8,83,40,6.91,BR,1612747015
billings,45.7833,-108.5007,-2.99,65,40,5.75,US,1612746980
litovko,49.2361,135.1742,-2.96,88,100,6.08,RU,1612747015
boyolangu,-8.1181,111.8935,79.43,80,48,9.22,ID,1612747016
raymondville,26.4815,-97.7831,68.0,64,1,12.66,US,1612747016
adeje,28.1227,-16.726,62.01,72,40,5.75,ES,1612747016
rawson,-43.3002,-65.1023,58.12,59,0,13.51,AR,1612747016
gamba,-2.65,10.0,77.54,84,100,1.07,GA,1612747016
praia da vitoria,14.9215,-23.5087,68.0,68,75,19.57,CV,1612747016
alamogordo,32.8995,-105.9603,60.8,14,1,10.36,US,1612746862
severnyy,50.677,36.5532,8.6,72,0,4.47,RU,1612747017
nurota,40.5614,65.6886,46.4,81,100,6.91,UZ,1612747017
dovers,12.8833,-61.1833,78.19,78,0,21.88,VC,1612747017
raudeberg,61.9875,5.1352,21.99,58,0,7.61,NO,1612747017
quelimane,-17.8786,36.8883,75.02,92,15,2.55,MZ,1612747017
kindu,-2.95,25.95,70.25,85,100,0.2,CD,1612747017
muros,42.7762,-9.0603,54.0,85,0,5.01,ES,1612746835
komsomolskiy,40.4272,71.7189,39.2,81,79,2.3,UZ,1612747018
seka,17.9285,103.9552,69.31,73,0,5.12,TH,1612746749
